{"cameraMode":{"drawMode":0,"name":"Shaded","section":"Shading Mode"},"sceneLighting":true,"audioPlay":false,"sceneViewState":{"showFog":true,"showMaterialUpdate":false,"showSkybox":true,"showFlares":true,"showImageEffects":true,"showParticleSystems":true},"in2DMode":false,"pivot":{"x":-1.3681509494781495,"y":1.2435545921325684,"z":90.22373962402344},"rotation":{"x":-0.15080684423446656,"y":0.03854129835963249,"z":0.005884287413209677,"w":0.9877941608428955},"size":27.562788009643556,"orthographic":false}