{"cameraMode":{"drawMode":0,"name":"Shaded","section":"Shading Mode"},"sceneLighting":true,"audioPlay":false,"sceneViewState":{"showFog":true,"showMaterialUpdate":false,"showSkybox":true,"showFlares":true,"showImageEffects":true,"showParticleSystems":true},"in2DMode":false,"pivot":{"x":-10.086383819580079,"y":7.324041843414307,"z":115.6895751953125},"rotation":{"x":0.06905820220708847,"y":0.1516081988811493,"z":0.010618409141898156,"w":-0.9859681725502014},"size":45.657066345214847,"orthographic":false}