{"cameraMode":{"drawMode":0,"name":"Shaded","section":"Shading Mode"},"sceneLighting":true,"audioPlay":false,"sceneViewState":{"showFog":true,"showMaterialUpdate":false,"showSkybox":true,"showFlares":true,"showImageEffects":true,"showParticleSystems":true},"in2DMode":false,"pivot":{"x":-1.6334176063537598,"y":-29.57450294494629,"z":77.05221557617188},"rotation":{"x":0.2481573075056076,"y":0.09427081048488617,"z":-0.024272145703434945,"w":0.9638163447380066},"size":45.196659088134769,"orthographic":false}